id,text,intent,urgency,tags,pred,confidence,p_billing,p_refund,p_cancellation,p_account,p_technical_issue,p_order_fulfillment,p_complaint,p_general
900000,hey so my card got charged $49 AND $49 on the same day?? pls look into it,billing,high,typo;indirect,account,0.6164327,0.29903632,0.01772416,0.038796663,0.6164327,0.0020482887,0.021326885,0.002166422,0.0024684751
900001,Can you resend the invoice for September? Our finance team needs it with our VAT number on it.,billing,normal,saas_terms,billing,0.9991748,0.9991748,8.791505e-05,9.1262395e-05,0.00030336928,5.260773e-05,0.000101869606,6.663604e-05,0.000121506986
900002,invoce for last month pls,billing,normal,typo;terse,billing,0.9971666,0.9971666,0.000226472,0.00018363047,0.0005302514,0.00012841988,0.00034432832,0.00014107971,0.001279246
900003,"Our company card expired, how do I swap the payment method before the renewal hits?",billing,normal,indirect,billing,0.9969472,0.9969472,0.00019989807,0.00031029485,0.0020017296,8.5187006e-05,0.00020805128,9.137916e-05,0.0001561359
900004,Love being charged for 10 seats when we only have 6 users. Great system.,billing,high,sarcasm;saas_terms,account,0.82761127,0.010195479,0.0019606752,0.003776164,0.82761127,0.003558358,0.0029476478,0.0008266429,0.14912383
900005,Why is there a line item called 'platform fee' on my bill? It wasn't there before,billing,normal,indirect,billing,0.94854826,0.94854826,0.0009436953,0.0028657024,0.022782195,0.0018638662,0.0008169276,0.0010767886,0.021102615
900006,"Payment keeps failing at checkout w/ my Amex, tried 3 times",billing,normal,typo,billing,0.9993338,0.9993338,7.3898074e-05,8.3338266e-05,0.00018687238,4.2173768e-05,0.00010809156,5.8879883e-05,0.00011293392
900007,Do you accept wire transfers or ACH for annual plans?,billing,normal,saas_terms,account,0.725301,0.22506015,0.0023651503,0.025654424,0.725301,0.0012297827,0.0051283212,0.00054688397,0.014714316
900008,I need a receipt for the $299 charge on 03/14 for my expense report,billing,normal,,account,0.9335414,0.0035830436,0.0016954016,0.05722841,0.9335414,0.0006055977,0.0015837107,0.00045041557,0.0013121142
900009,there's a charge from you guys I don't recognise at all. did someone use my card??,billing,high,indirect,account,0.99811184,0.00028687625,0.000133806,0.00057750137,0.99811184,0.00010064256,0.00025285035,4.5852295e-05,0.000490582
900010,We were billed for the annual plan by mistake and want our money back,refund,normal,indirect;saas_terms,refund,0.99901474,0.0001419189,0.99901474,0.00024640825,0.00014513041,0.00011080411,0.00017968223,0.00011816247,4.312871e-05
900011,i want a refund. now.,refund,high,terse,refund,0.99921095,8.5697844e-05,0.99921095,0.00020519845,9.9644065e-05,9.8690594e-05,0.00013049455,0.00013598317,3.3343367e-05
900012,"Requested a refund 3 weeks ago, ticket #4821, still nothing. What is going on?",refund,high,indirect,refund,0.99906236,0.00011783837,0.99906236,0.00023184584,0.00010705911,0.00011907504,0.00017265885,0.0001513518,3.782059e-05
900013,What's your refund policy if we downgrade mid-cycle? Do we get prorated credit?,refund,normal,saas_terms,refund,0.9989176,0.00013385541,0.9989176,0.0003501089,0.00014864196,0.000119541546,0.00017233644,0.00011679063,4.123129e-05
900014,"refnd for order 5521 pls, item arrived broken",refund,normal,typo,order_fulfillment,0.9948154,0.00014337586,0.0036236376,0.00074709696,0.00022976975,0.0001595176,0.9948154,0.00018793384,9.3131464e-05
900015,Can I get reimbursed for the month the service was down?,refund,normal,indirect,refund,0.99919397,0.00011685392,0.99919397,0.00015276653,0.00010326957,0.00010186923,0.00012825266,0.00016180066,4.1210616e-05
900016,you charged me after I cancelled. give it back.,refund,high,multi_intent;terse,cancellation,0.9974227,0.00021953753,0.0012033251,0.9974227,0.00029826653,0.00014912507,0.00029094677,0.00027371518,0.00014231134
900017,Has my refund been processed yet? My bank says nothing is incoming,refund,normal,,refund,0.99900156,9.2417555e-05,0.99900156,0.00020185196,0.00012687678,0.00011498096,0.0002780013,0.00014966742,3.4757933e-05
900018,Thanks for nothing. Guess I'll just dispute it with my bank since nobody here will refund me,refund,high,sarcasm,refund,0.99901545,0.00010852238,0.99901545,0.0002720014,0.000119557815,0.00011291388,0.00015264402,0.00016833203,5.0561914e-05
900019,Is it possible to get a partial refund for unused seats?,refund,normal,saas_terms,refund,0.9988153,0.00010198428,0.9988153,0.0003945069,0.00014411223,0.00015598304,0.00016892412,0.00016195464,5.7238278e-05
900020,"This is ridiculous, cancel my subscription and delete all my data immediately",cancellation,high,,cancellation,0.9856607,0.00045032403,0.00047965918,0.9856607,0.002825549,0.00052469695,0.0010259175,0.00052917015,0.008503974
900021,pls cancle my acount,cancellation,normal,typo;terse,account,0.77109736,0.00077832513,0.0010181654,0.22337662,0.77109736,0.0006715968,0.0017445206,0.0005337571,0.0007795445
900022,We've decided to move to another vendor at the end of the quarter. What do we need to do on our side?,cancellation,normal,indirect,order_fulfillment,0.9909971,0.00042274653,0.00022776796,0.00042954,0.0005043684,0.00038006407,0.9909971,0.0005554207,0.006483022
900023,how much does it cost to end my contract early,cancellation,normal,indirect,cancellation,0.9975674,0.00015958543,0.000788319,0.9975674,0.0003332129,0.00011415873,0.0006039535,0.0002938384,0.00013948283
900024,I don't think I'll be needing this anymore. How do I turn off auto-renew?,cancellation,normal,indirect;saas_terms,account,0.98797,0.00023798167,0.0003759172,0.008905647,0.98797,0.00044480362,0.0013801086,0.00014980731,0.0005357604
900025,"Cancel order #7781, I picked the wrong plan",cancellation,normal,,cancellation,0.9985373,0.00020347578,0.00020686699,0.9985373,0.00042915414,9.129589e-05,0.00032046298,0.00011457536,9.6873795e-05
900026,Your price increase is a joke. Shut my account down.,cancellation,high,sarcasm,account,0.7942427,0.0009823716,0.0011913157,0.19845192,0.7942427,0.0004939894,0.0035703597,0.00037311786,0.0006941836
900027,"Wow, another outage. Really makes me want to keep paying for this... how do I close the account",cancellation,high,sarcasm;indirect,cancellation,0.9982906,0.00017928814,0.000596144,0.9982906,0.00029535216,9.645066e-05,0.00030219855,0.00014311285,9.6773874e-05
900028,"I was charged twice this month and honestly I'm done, cancel everything",cancellation,high,multi_intent,cancellation,0.99865425,0.00013155398,0.0003066777,0.99865425,0.00031368074,0.000111537185,0.00020456492,0.00014639716,0.0001313212
900029,Please confirm my workspace and all associated data will be permanently deleted per GDPR,cancellation,normal,saas_terms,account,0.98767686,0.00042767506,0.00038502488,0.010195116,0.98767686,0.0002597545,0.0006900667,0.00016421005,0.00020137867
900030,forgot my pasword and the reset link expired,account,normal,typo,account,0.99833727,0.00011168739,0.00012525465,0.0007206162,0.99833727,0.00012374663,0.00039927164,5.9845042e-05,0.00012229738
900031,How do I change the email on my login? I left my old job,account,normal,indirect,account,0.9982298,0.00014021518,9.589148e-05,0.00032869892,0.9982298,0.0001331992,0.0003278042,5.0308532e-05,0.00069403736
900032,Need to transfer workspace ownership from Dana to me since she left the company,account,normal,saas_terms,general,0.6100782,0.010014508,0.00083294406,0.0021746731,0.36572355,0.002374589,0.007632409,0.001169079,0.6100782
900033,"can't log in, it keeps saying invalid credentials but I KNOW my password is right",account,high,,account,0.9989114,0.00011224797,9.548091e-05,0.00040974424,0.9989114,0.00013577643,0.00017767215,4.6050398e-05,0.00011172882
900034,How do I enable two-factor authentication?,account,low,saas_terms,account,0.99767166,0.00096088176,0.000113442824,0.0005610951,0.99767166,0.00022042594,0.00029174163,6.291582e-05,0.00011790159
900035,update my profile name pls,account,low,terse,account,0.99901927,0.00016239066,9.648148e-05,0.0002450034,0.99901927,0.0001053846,0.00023905806,4.2035514e-05,9.0338595e-05
900036,I think someone else logged into my account from another country,account,high,indirect,account,0.9989968,0.00011565368,0.0001022071,0.00028724648,0.9989968,0.0001011001,0.00021476827,4.868689e-05,0.00013345365
900037,Can I merge my two accounts? I accidentally signed up twice,account,normal,,account,0.99889636,0.00010691205,9.816848e-05,0.00040616115,0.99889636,0.000106440515,0.0002337277,4.6632893e-05,0.00010561733
900038,Switch me from the free tier to a business account,account,normal,saas_terms,account,0.999022,0.00011968214,0.0001044172,0.00028174717,0.999022,9.7441305e-05,0.00018933568,4.7183163e-05,0.00013810045
900039,my 2fa phone got stolen and now i'm locked out,account,high,typo,account,0.98426706,0.0004880279,0.0003121566,0.0110430075,0.98426706,0.00020247028,0.0027551812,0.0001624863,0.0007696457
900040,Getting a 500 error every time I try to export a report,technical_issue,normal,saas_terms;out_of_distribution,account,0.8156315,0.0023591865,0.0015710504,0.0036716508,0.8156315,0.0049369666,0.07232348,0.002838148,0.09666798
900041,Sign up form just spins forever after I hit submit,technical_issue,normal,,technical_issue,0.94278854,0.00090777,0.0008690524,0.0027661684,0.027013302,0.94278854,0.020368995,0.0012354046,0.0040507917
900042,"the verification email for signing up never arrived, checked spam",technical_issue,normal,,technical_issue,0.70833665,0.051472615,0.0014212674,0.0061466396,0.15932266,0.70833665,0.0028092351,0.004470769,0.066020094
900043,"Your API has been returning timeouts for the last hour, our production is down",technical_issue,high,saas_terms;out_of_distribution,general,0.72730386,0.0012315761,0.0018924417,0.014566549,0.11739961,0.002796718,0.13375907,0.0010500868,0.72730386
900044,App crashes on launch since the latest update (iOS 18),technical_issue,normal,out_of_distribution,account,0.9987452,0.00028961035,0.00010526018,0.00028718618,0.9987452,0.00016397837,0.0002687026,4.3732463e-05,9.6264244e-05
900045,registration page says 'email already in use' but I've never made an account,technical_issue,normal,,account,0.9985183,0.00012692573,7.289747e-05,0.00043245527,0.9985183,0.00029676786,0.00026900024,4.200166e-05,0.00024180797
900046,"Webhooks stopped firing yesterday, nothing in the logs on our end",technical_issue,normal,saas_terms;out_of_distribution,account,0.9979924,0.00018353997,9.333448e-05,0.00053288194,0.9979924,0.00017732137,0.00048968015,7.227864e-05,0.000458453
900047,"Dashboard charts are blank for everyone on our team. Urgent, client demo in 1 hour",technical_issue,high,out_of_distribution,account,0.97300726,0.0006790357,0.0002666148,0.00056648557,0.97300726,0.0016783221,0.0011267657,0.00022760361,0.022447823
900048,"cant finish signup, captcha keeps failing",technical_issue,normal,typo,technical_issue,0.9968315,0.00018640747,0.00027176682,0.0005820286,0.00086049305,0.9968315,0.0005941239,0.0003084521,0.00036522018
900049,SSO login with Okta throws an invalid SAML response error,technical_issue,normal,saas_terms;out_of_distribution,cancellation,0.61931753,0.005583067,0.0016584832,0.61931753,0.31001356,0.032781806,0.0058813198,0.00705092,0.017713357
900050,Where's my order? Tracking hasn't updated in 5 days,order_fulfillment,normal,,order_fulfillment,0.99846846,0.00014988885,0.0001330949,0.00027843812,0.0006333978,0.0001300124,0.99846846,7.5661446e-05,0.00013103007
900051,"I'd like to upgrade from Starter to Pro, how do I place that order?",order_fulfillment,normal,saas_terms,account,0.9169853,0.0013051346,0.00063594995,0.0015682675,0.9169853,0.0008186667,0.07675741,0.0003142201,0.0016149525
900052,Can I change the shipping address on order 3390? I'm moving,order_fulfillment,normal,,order_fulfillment,0.9993936,8.323452e-05,7.988319e-05,0.00017935979,9.1041635e-05,5.809736e-05,0.9993936,5.973989e-05,5.5045042e-05
900053,how long does delivery take to canada,order_fulfillment,low,terse,order_fulfillment,0.999057,0.0001427889,0.00010431118,0.00021850168,0.00012619114,8.180656e-05,0.999057,7.30787e-05,0.00019633397
900054,Need to add 10 more seats to our plan before Monday's onboarding,order_fulfillment,normal,saas_terms,order_fulfillment,0.710388,0.004556975,0.0046440708,0.007934002,0.24025393,0.0066364263,0.710388,0.0012244467,0.02436215
900055,my package says delivered but it's not here,order_fulfillment,normal,indirect,order_fulfillment,0.9993463,8.13134e-05,7.213978e-05,0.00022547973,8.1041275e-05,5.377615e-05,0.9993463,5.6644873e-05,8.323805e-05
900056,Do you offer express shipping?,order_fulfillment,low,terse,order_fulfillment,0.9986187,0.00011427555,0.00011551646,0.0002744171,0.00014188266,0.00010776758,0.9986187,0.00014554708,0.0004819382
900057,pls chnage my order to the blue one,order_fulfillment,low,typo;terse,order_fulfillment,0.9965655,0.00017304611,0.00015340542,0.0010136057,0.0011122269,0.00016122688,0.9965655,0.00015292544,0.00066812604
900058,"Ordered the hardware keys 3 weeks ago and still waiting, we needed them for an audit today",order_fulfillment,high,,account,0.99040866,0.0005998293,0.00046615707,0.0020099345,0.99040866,0.002069053,0.0026375127,0.00043873378,0.0013699969
900059,Can I buy the annual plan through a purchase order instead of a card?,order_fulfillment,normal,multi_intent;saas_terms,account,0.9847113,0.00088065333,0.00043337146,0.0033816346,0.9847113,0.0002455062,0.009814094,0.00013975737,0.0003935818
900060,I want to file a formal complaint about the agent I spoke to yesterday,complaint,normal,,complaint,0.99792755,0.00021584546,0.00041108686,0.00029948092,0.00012459411,0.00030972503,0.00025578562,0.99792755,0.00045602085
900061,"Honestly the worst support experience I've ever had. Three days, no answer.",complaint,high,,general,0.9779312,0.0022979348,0.0004443128,0.0109825935,0.0039690076,0.0011140947,0.0026980916,0.0005627761,0.9779312
900062,"Oh great, the 'priority support' I pay extra for takes a week to reply. Fantastic.",complaint,high,sarcasm,general,0.9005724,0.088472426,0.003615452,0.0015131943,0.0030746483,0.0008521022,0.0007575646,0.0011420882,0.9005724
900063,Your agent hung up on me. Unacceptable.,complaint,high,terse,general,0.997288,0.00034714057,8.712057e-05,0.00048619,0.0007381712,0.00041639825,0.0003318987,0.00030501938,0.997288
900064,I'm not happy with how my issue was handled and I'd like to escalate this,complaint,normal,indirect,billing,0.42391813,0.42391813,0.07749029,0.040319987,0.0029922863,0.024208125,0.32440943,0.10160182,0.0050599705
900065,Who do I talk to about lodging a complaint against your company?,complaint,normal,,complaint,0.9981912,0.0001913142,0.0004711617,0.000221115,0.00012340175,0.00029224926,0.00024817162,0.9981912,0.00026144143
900066,"Very disappointed with the quality lately, it used to be great",complaint,normal,indirect,order_fulfillment,0.99488384,0.00051894056,0.0009406448,0.0010660661,0.0010752524,0.00040853766,0.99488384,0.000317449,0.0007892603
900067,ur support is a joke tbh,complaint,high,typo;terse;sarcasm,general,0.96358615,0.025811998,0.00045018896,0.001717086,0.005044092,0.0007289122,0.0016947458,0.0009668063,0.96358615
900068,I've been a customer for 6 years and this is how you treat me?,complaint,high,indirect,general,0.99883336,0.00019851142,3.549849e-05,0.000101726284,0.00026790623,0.00014120521,0.00023886455,0.00018296904,0.99883336
900069,This is the third time I'm reporting the same thing and nobody cares,complaint,high,indirect,general,0.9371296,0.0063357465,0.0014027007,0.002744175,0.002969121,0.014081081,0.016807914,0.018529631,0.9371296
900070,Is there a phone number I can call to talk to a real person?,general,normal,,general,0.9989686,0.0001976975,3.8692146e-05,7.802287e-05,0.00046265946,0.00010482318,8.709079e-05,6.2502884e-05,0.9989686
900071,how do i sign up for the product newsletter,general,low,,general,0.99937016,8.8175344e-05,4.117997e-05,7.568891e-05,0.00013001976,0.00013177854,8.366278e-05,7.933507e-05,0.99937016
900072,"Just wanted to say your onboarding team was amazing, thanks Priya!",general,low,indirect,general,0.995761,0.00044765952,0.00021133258,0.00021107959,0.0010222296,0.0008286596,0.0012631218,0.00025496873,0.995761
900073,What are your support hours in EST?,general,low,terse,general,0.9943099,0.00018983133,0.00011673107,0.000434566,0.0007054543,0.00031759765,0.0037593276,0.00016648872,0.9943099
900074,Where can I leave a review for your app?,general,low,,general,0.99654275,0.00027159872,9.478655e-05,0.00012988817,0.0024335517,0.0002906815,0.00011816869,0.00011846556,0.99654275
900075,talk to human,general,normal,terse,general,0.9991762,0.0001388713,3.7235815e-05,7.2617535e-05,0.00030753817,0.00012395602,7.812569e-05,6.531419e-05,0.9991762
900076,Do you have a status page or a community forum?,general,low,saas_terms,general,0.9564123,0.0024592702,0.0002865276,0.00040565906,0.03863803,0.0010152281,0.000492113,0.00029086327,0.9564123
900077,unsubscribe me from the marketing emails,general,low,terse,general,0.99603647,0.00084448187,7.166276e-05,0.00017062054,0.0022395065,0.00021350259,0.00025972817,0.00016404425,0.99603647
900078,Can someone from sales contact me about an enterprise demo?,general,low,saas_terms,general,0.998497,0.00013889051,3.740252e-05,8.162896e-05,0.00057860004,0.00018578426,0.0003755928,0.00010505574,0.998497
900079,"Hi, quick question - who should I contact about a partnership?",general,low,indirect,general,0.9983499,0.00082485744,5.2864525e-05,8.782899e-05,0.00020243102,0.00019615144,0.00014919667,0.00013673467,0.9983499
